<?xml version="1.0" encoding="WINDOWS-1252" ?>
<dataTemplate name="XXABC_FND_USER_REPO" description="FND Application Details Report"  Version="1.0">
 <properties>
  <property name ="debug_mode" value="on"/>
 </properties>
 <!--
		<parameters>       
		    <parameter name="P_ORG_ID" dataType="number"/>		
		</parameters>
-->		
		<dataQuery>
		   <sqlStatement name="Q_FND_USER">
		   <![CDATA[ 
				select fu.user_id, fu.user_name , fu.description,
fu.start_date, fu.end_date from fnd_user fu
Where rownum<51
					 ]]>
		    </sqlStatement>
		</dataQuery>
		
  <dataStructure>
		<group name="G_FND_USER" source="Q_FND_USER">
		    <element name="user_id" value="user_id" />
			<element name="user_name" value="user_name" />
			<element name="description" value="description" />
			<element name="start_date" value="start_date" />		
			<element name="end_date" value="end_date" />	
		</group>
   </dataStructure>
</dataTemplate>
