<?xml version="1.0" encoding="UTF-8"?>

<XXABC_FND_USER_REPO>

<LIST_G_FND_USER>
<G_FND_USER>
<USER_ID>1000001</USER_ID>
<USER_NAME>AUTOINSTALL</USER_NAME>
<DESCRIPTION>This application user name represents conversion or feeder system programs and is stored in each updated tables&apos; LAST_UPDATED_BY column.  This application user has no responsibilities.</DESCRIPTION>
<START_DATE>1951-01-01T00:00:00.000+05:30</START_DATE>
<END_DATE/>
</G_FND_USER>
<G_FND_USER>
<USER_ID>3</USER_ID>
<USER_NAME>FEEDER SYSTEM</USER_NAME>
<DESCRIPTION>Use this id for data coming from feeder systems</DESCRIPTION>
<START_DATE>1951-01-01T00:00:00.000+05:30</START_DATE>
<END_DATE>1950-01-01T00:00:00.000+05:30</END_DATE>
</G_FND_USER>
<G_FND_USER>
<USER_ID>2</USER_ID>
<USER_NAME>INITIAL SETUP</USER_NAME>
<DESCRIPTION>Dummy user for initially set up rows in an application.</DESCRIPTION>
<START_DATE>1951-01-01T00:00:00.000+05:30</START_DATE>
<END_DATE>1950-01-01T00:00:00.000+05:30</END_DATE>
</G_FND_USER>
<G_FND_USER>
<USER_ID>0</USER_ID>
<USER_NAME>SYSADMIN</USER_NAME>
<DESCRIPTION>System Administrator</DESCRIPTION>
<START_DATE>1951-01-01T00:00:00.000+05:30</START_DATE>
<END_DATE/>
</G_FND_USER>
<G_FND_USER>
<USER_ID>1001</USER_ID>
<USER_NAME>XISION</USER_NAME>
<DESCRIPTION>US Org1 SuperUser</DESCRIPTION>
<START_DATE>1992-11-11T00:00:00.000+05:30</START_DATE>
<END_DATE>1998-08-05T00:00:00.000+05:30</END_DATE>
</G_FND_USER>
<G_FND_USER>
<USER_ID>1555</USER_ID>
<USER_NAME>HRMS4</USER_NAME>
<DESCRIPTION>HRMS Build Team</DESCRIPTION>
<START_DATE>1997-12-07T00:00:00.000+05:30</START_DATE>
<END_DATE>1998-08-04T00:00:00.000+05:30</END_DATE>
</G_FND_USER>
<G_FND_USER>
<USER_ID>1003</USER_ID>
<USER_NAME>FIN5</USER_NAME>
<DESCRIPTION>Fin Build Team</DESCRIPTION>
<START_DATE>1995-02-10T00:00:00.000+05:30</START_DATE>
<END_DATE>1998-08-05T00:00:00.000+05:30</END_DATE>
</G_FND_USER>
<G_FND_USER>
<USER_ID>1004</USER_ID>
<USER_NAME>FIN3</USER_NAME>
<DESCRIPTION>Fin Build Team</DESCRIPTION>
<START_DATE>1997-02-10T00:00:00.000+05:30</START_DATE>
<END_DATE>1998-08-05T00:00:00.000+05:30</END_DATE>
</G_FND_USER>
<G_FND_USER>
<USER_ID>1005</USER_ID>
<USER_NAME>FIN12</USER_NAME>
<DESCRIPTION>Fin Build Team</DESCRIPTION>
<START_DATE>1995-02-10T00:00:00.000+05:30</START_DATE>
<END_DATE>1998-08-05T00:00:00.000+05:30</END_DATE>
</G_FND_USER>
<G_FND_USER>
<USER_ID>1007</USER_ID>
<USER_NAME>FIN18</USER_NAME>
<DESCRIPTION>Fin Build Team</DESCRIPTION>
<START_DATE>1995-02-10T00:00:00.000+05:30</START_DATE>
<END_DATE>1995-02-11T00:00:00.000+05:30</END_DATE>
</G_FND_USER>
<G_FND_USER>
<USER_ID>1008</USER_ID>
<USER_NAME>MFG18</USER_NAME>
<DESCRIPTION>Mfg Build Team</DESCRIPTION>
<START_DATE>1997-02-13T00:00:00.000+05:30</START_DATE>
<END_DATE/>
</G_FND_USER>
<G_FND_USER>
<USER_ID>1028</USER_ID>
<USER_NAME>FIN10</USER_NAME>
<DESCRIPTION>Fin Build Team</DESCRIPTION>
<START_DATE>1996-01-01T00:00:00.000+05:30</START_DATE>
<END_DATE>1998-08-05T00:00:00.000+05:30</END_DATE>
</G_FND_USER>
<G_FND_USER>
<USER_ID>1048</USER_ID>
<USER_NAME>TGREEN</USER_NAME>
<DESCRIPTION>Terry Green</DESCRIPTION>
<START_DATE>1997-02-19T00:00:00.000+05:30</START_DATE>
<END_DATE/>
</G_FND_USER>
<G_FND_USER>
<USER_ID>1050</USER_ID>
<USER_NAME>CBLACK</USER_NAME>
<DESCRIPTION>Chris Black</DESCRIPTION>
<START_DATE>1997-02-19T00:00:00.000+05:30</START_DATE>
<END_DATE/>
</G_FND_USER>
<G_FND_USER>
<USER_ID>1054</USER_ID>
<USER_NAME>KBROCK</USER_NAME>
<DESCRIPTION>Kim Brock</DESCRIPTION>
<START_DATE>1997-02-19T00:00:00.000+05:30</START_DATE>
<END_DATE/>
</G_FND_USER>
<G_FND_USER>
<USER_ID>1055</USER_ID>
<USER_NAME>CBROWN</USER_NAME>
<DESCRIPTION>Casey Brown</DESCRIPTION>
<START_DATE>1995-02-19T00:00:00.000+05:30</START_DATE>
<END_DATE/>
</G_FND_USER>
<G_FND_USER>
<USER_ID>1068</USER_ID>
<USER_NAME>MFG</USER_NAME>
<DESCRIPTION>Jonathan Smith</DESCRIPTION>
<START_DATE>1996-01-01T00:00:00.000+05:30</START_DATE>
<END_DATE/>
</G_FND_USER>
<G_FND_USER>
<USER_ID>1071</USER_ID>
<USER_NAME>DVLP2</USER_NAME>
<DESCRIPTION/>
<START_DATE>1996-01-01T00:00:00.000+05:30</START_DATE>
<END_DATE>1997-03-31T00:00:00.000+05:30</END_DATE>
</G_FND_USER>
<G_FND_USER>
<USER_ID>1072</USER_ID>
<USER_NAME>DVLP3</USER_NAME>
<DESCRIPTION/>
<START_DATE>1996-01-01T00:00:00.000+05:30</START_DATE>
<END_DATE>1997-03-31T00:00:00.000+05:30</END_DATE>
</G_FND_USER>
<G_FND_USER>
<USER_ID>1073</USER_ID>
<USER_NAME>DVLP7</USER_NAME>
<DESCRIPTION/>
<START_DATE>1996-01-01T00:00:00.000+05:30</START_DATE>
<END_DATE>1997-03-31T00:00:00.000+05:30</END_DATE>
</G_FND_USER>
<G_FND_USER>
<USER_ID>1074</USER_ID>
<USER_NAME>MFG16</USER_NAME>
<DESCRIPTION>Mfg Build Team</DESCRIPTION>
<START_DATE>1997-03-04T00:00:00.000+05:30</START_DATE>
<END_DATE/>
</G_FND_USER>
<G_FND_USER>
<USER_ID>1075</USER_ID>
<USER_NAME>DVLP5</USER_NAME>
<DESCRIPTION/>
<START_DATE>1996-01-01T00:00:00.000+05:30</START_DATE>
<END_DATE>1997-03-31T00:00:00.000+05:30</END_DATE>
</G_FND_USER>
<G_FND_USER>
<USER_ID>1076</USER_ID>
<USER_NAME>ALAW</USER_NAME>
<DESCRIPTION/>
<START_DATE>1997-03-01T00:00:00.000+05:30</START_DATE>
<END_DATE/>
</G_FND_USER>
<G_FND_USER>
<USER_ID>1096</USER_ID>
<USER_NAME>DVLP4</USER_NAME>
<DESCRIPTION/>
<START_DATE>1996-01-02T00:00:00.000+05:30</START_DATE>
<END_DATE>1997-03-31T00:00:00.000+05:30</END_DATE>
</G_FND_USER>
<G_FND_USER>
<USER_ID>1097</USER_ID>
<USER_NAME>DKAPLAN</USER_NAME>
<DESCRIPTION/>
<START_DATE>1996-01-04T00:00:00.000+05:30</START_DATE>
<END_DATE/>
</G_FND_USER>
<G_FND_USER>
<USER_ID>1137</USER_ID>
<USER_NAME>FIN2</USER_NAME>
<DESCRIPTION>Fin Build Team</DESCRIPTION>
<START_DATE>1996-02-02T00:00:00.000+05:30</START_DATE>
<END_DATE>1998-08-05T00:00:00.000+05:30</END_DATE>
</G_FND_USER>
<G_FND_USER>
<USER_ID>1157</USER_ID>
<USER_NAME>FIN19</USER_NAME>
<DESCRIPTION>Fin Build Team</DESCRIPTION>
<START_DATE>1997-03-28T00:00:00.000+05:30</START_DATE>
<END_DATE>1998-08-05T00:00:00.000+05:30</END_DATE>
</G_FND_USER>
<G_FND_USER>
<USER_ID>1158</USER_ID>
<USER_NAME>FIN20</USER_NAME>
<DESCRIPTION>Fin Build Team</DESCRIPTION>
<START_DATE>1997-03-31T00:00:00.000+05:30</START_DATE>
<END_DATE>1998-08-01T00:00:00.000+05:30</END_DATE>
</G_FND_USER>
<G_FND_USER>
<USER_ID>1445</USER_ID>
<USER_NAME>FO8</USER_NAME>
<DESCRIPTION>FrtOffce Build Team</DESCRIPTION>
<START_DATE>1997-08-14T00:00:00.000+05:30</START_DATE>
<END_DATE>1998-08-05T00:00:00.000+05:30</END_DATE>
</G_FND_USER>
<G_FND_USER>
<USER_ID>1199</USER_ID>
<USER_NAME>AHAMILTON</USER_NAME>
<DESCRIPTION>Anne Hamilton, Vision Services</DESCRIPTION>
<START_DATE>1995-03-31T00:00:00.000+05:30</START_DATE>
<END_DATE/>
</G_FND_USER>
<G_FND_USER>
<USER_ID>1218</USER_ID>
<USER_NAME>LSMITH</USER_NAME>
<DESCRIPTION>Lee Smith,  Accounting Manager</DESCRIPTION>
<START_DATE>1997-04-04T00:00:00.000+05:30</START_DATE>
<END_DATE/>
</G_FND_USER>
<G_FND_USER>
<USER_ID>1554</USER_ID>
<USER_NAME>HRMS15</USER_NAME>
<DESCRIPTION>HRMS Build Team</DESCRIPTION>
<START_DATE>1997-12-07T00:00:00.000+05:30</START_DATE>
<END_DATE>1998-08-05T00:00:00.000+05:30</END_DATE>
</G_FND_USER>
<G_FND_USER>
<USER_ID>1219</USER_ID>
<USER_NAME>PJONES</USER_NAME>
<DESCRIPTION>Pat Jones, Financial Analyst used in the ADB SoB&apos;s</DESCRIPTION>
<START_DATE>1997-04-04T00:00:00.000+05:30</START_DATE>
<END_DATE/>
</G_FND_USER>
<G_FND_USER>
<USER_ID>1238</USER_ID>
<USER_NAME>ADB</USER_NAME>
<DESCRIPTION/>
<START_DATE>1995-04-08T00:00:00.000+05:30</START_DATE>
<END_DATE/>
</G_FND_USER>
<G_FND_USER>
<USER_ID>1278</USER_ID>
<USER_NAME>FLOW</USER_NAME>
<DESCRIPTION>Terry Green</DESCRIPTION>
<START_DATE>1997-04-11T00:00:00.000+05:30</START_DATE>
<END_DATE/>
</G_FND_USER>
<G_FND_USER>
<USER_ID>1298</USER_ID>
<USER_NAME>FIN8</USER_NAME>
<DESCRIPTION>Fin Build Team</DESCRIPTION>
<START_DATE>1997-04-22T00:00:00.000+05:30</START_DATE>
<END_DATE>1998-08-05T00:00:00.000+05:30</END_DATE>
</G_FND_USER>
<G_FND_USER>
<USER_ID>1319</USER_ID>
<USER_NAME>SERVICES</USER_NAME>
<DESCRIPTION>Amy Marlin</DESCRIPTION>
<START_DATE>1952-01-01T00:00:00.000+05:30</START_DATE>
<END_DATE/>
</G_FND_USER>
<G_FND_USER>
<USER_ID>1320</USER_ID>
<USER_NAME>CORPORATE</USER_NAME>
<DESCRIPTION>Corporate User</DESCRIPTION>
<START_DATE>1997-04-22T00:00:00.000+05:30</START_DATE>
<END_DATE/>
</G_FND_USER>
<G_FND_USER>
<USER_ID>1321</USER_ID>
<USER_NAME>DISTRIBUTION</USER_NAME>
<DESCRIPTION>Distribution User. intercompany shipping and billing.  Change the User Name to a real name by simply typing over the User Name DISTRIBUTION.  The password is WELCOME</DESCRIPTION>
<START_DATE>1997-04-22T00:00:00.000+05:30</START_DATE>
<END_DATE/>
</G_FND_USER>
<G_FND_USER>
<USER_ID>1734</USER_ID>
<USER_NAME>AOLCLASS</USER_NAME>
<DESCRIPTION>Demo for AOL Class (Develop Extensions to Oracle Applications)</DESCRIPTION>
<START_DATE>1998-01-20T00:00:00.000+05:30</START_DATE>
<END_DATE/>
</G_FND_USER>
<G_FND_USER>
<USER_ID>1325</USER_ID>
<USER_NAME>APERKINS</USER_NAME>
<DESCRIPTION>Alan Perkins</DESCRIPTION>
<START_DATE>1997-05-05T00:00:00.000+05:30</START_DATE>
<END_DATE/>
</G_FND_USER>
<G_FND_USER>
<USER_ID>1328</USER_ID>
<USER_NAME>APPROVAL</USER_NAME>
<DESCRIPTION>Don&apos;t use this sign-on</DESCRIPTION>
<START_DATE>1997-05-09T00:00:00.000+05:30</START_DATE>
<END_DATE/>
</G_FND_USER>
<G_FND_USER>
<USER_ID>1348</USER_ID>
<USER_NAME>BADAMS</USER_NAME>
<DESCRIPTION/>
<START_DATE>1997-05-09T00:00:00.000+05:30</START_DATE>
<END_DATE/>
</G_FND_USER>
<G_FND_USER>
<USER_ID>1349</USER_ID>
<USER_NAME>CDOUGLAS</USER_NAME>
<DESCRIPTION/>
<START_DATE>1997-05-13T00:00:00.000+05:30</START_DATE>
<END_DATE/>
</G_FND_USER>
<G_FND_USER>
<USER_ID>1350</USER_ID>
<USER_NAME>SPIERSON</USER_NAME>
<DESCRIPTION/>
<START_DATE>1997-05-13T00:00:00.000+05:30</START_DATE>
<END_DATE/>
</G_FND_USER>
<G_FND_USER>
<USER_ID>1351</USER_ID>
<USER_NAME>DLEWIS</USER_NAME>
<DESCRIPTION>Manager of Commercial Sales</DESCRIPTION>
<START_DATE>1997-05-13T00:00:00.000+05:30</START_DATE>
<END_DATE/>
</G_FND_USER>
<G_FND_USER>
<USER_ID>1353</USER_ID>
<USER_NAME>HSPRAGUE</USER_NAME>
<DESCRIPTION>Howard Sprague, West Sales Force</DESCRIPTION>
<START_DATE>1997-05-14T00:00:00.000+05:30</START_DATE>
<END_DATE/>
</G_FND_USER>
<G_FND_USER>
<USER_ID>1354</USER_ID>
<USER_NAME>JFEINBERG</USER_NAME>
<DESCRIPTION>Sales -- West</DESCRIPTION>
<START_DATE>1997-05-14T00:00:00.000+05:30</START_DATE>
<END_DATE/>
</G_FND_USER>
<G_FND_USER>
<USER_ID>1355</USER_ID>
<USER_NAME>ORACLE</USER_NAME>
<DESCRIPTION>Kurt Elkins</DESCRIPTION>
<START_DATE>1997-05-14T00:00:00.000+05:30</START_DATE>
<END_DATE/>
</G_FND_USER>
<G_FND_USER>
<USER_ID>1356</USER_ID>
<USER_NAME>HRMS6</USER_NAME>
<DESCRIPTION>HRMS Build Team</DESCRIPTION>
<START_DATE>1997-11-01T00:00:00.000+05:30</START_DATE>
<END_DATE>1998-08-04T00:00:00.000+05:30</END_DATE>
</G_FND_USER>
</LIST_G_FND_USER>
</XXABC_FND_USER_REPO>
