<?xml version="1.0" encoding="UTF-8"?>

<XXABC_XML_REPO_DM>

<LIST_G_FND_APP>
<G_FND_APP>
<APPLICATION_ID>0</APPLICATION_ID>
<APPLICATION_SHORT_NAME>FND</APPLICATION_SHORT_NAME>
</G_FND_APP>
<G_FND_APP>
<APPLICATION_ID>1</APPLICATION_ID>
<APPLICATION_SHORT_NAME>SYSADMIN</APPLICATION_SHORT_NAME>
</G_FND_APP>
<G_FND_APP>
<APPLICATION_ID>3</APPLICATION_ID>
<APPLICATION_SHORT_NAME>AU</APPLICATION_SHORT_NAME>
</G_FND_APP>
<G_FND_APP>
<APPLICATION_ID>40</APPLICATION_ID>
<APPLICATION_SHORT_NAME>EMS</APPLICATION_SHORT_NAME>
</G_FND_APP>
<G_FND_APP>
<APPLICATION_ID>41</APPLICATION_ID>
<APPLICATION_SHORT_NAME>PTX</APPLICATION_SHORT_NAME>
</G_FND_APP>
<G_FND_APP>
<APPLICATION_ID>50</APPLICATION_ID>
<APPLICATION_SHORT_NAME>AD</APPLICATION_SHORT_NAME>
</G_FND_APP>
<G_FND_APP>
<APPLICATION_ID>60</APPLICATION_ID>
<APPLICATION_SHORT_NAME>SHT</APPLICATION_SHORT_NAME>
</G_FND_APP>
<G_FND_APP>
<APPLICATION_ID>99</APPLICATION_ID>
<APPLICATION_SHORT_NAME>OAM</APPLICATION_SHORT_NAME>
</G_FND_APP>
<G_FND_APP>
<APPLICATION_ID>101</APPLICATION_ID>
<APPLICATION_SHORT_NAME>SQLGL</APPLICATION_SHORT_NAME>
</G_FND_APP>
<G_FND_APP>
<APPLICATION_ID>140</APPLICATION_ID>
<APPLICATION_SHORT_NAME>OFA</APPLICATION_SHORT_NAME>
</G_FND_APP>
<G_FND_APP>
<APPLICATION_ID>160</APPLICATION_ID>
<APPLICATION_SHORT_NAME>ALR</APPLICATION_SHORT_NAME>
</G_FND_APP>
<G_FND_APP>
<APPLICATION_ID>168</APPLICATION_ID>
<APPLICATION_SHORT_NAME>RG</APPLICATION_SHORT_NAME>
</G_FND_APP>
<G_FND_APP>
<APPLICATION_ID>170</APPLICATION_ID>
<APPLICATION_SHORT_NAME>CS</APPLICATION_SHORT_NAME>
</G_FND_APP>
<G_FND_APP>
<APPLICATION_ID>172</APPLICATION_ID>
<APPLICATION_SHORT_NAME>CCT</APPLICATION_SHORT_NAME>
</G_FND_APP>
<G_FND_APP>
<APPLICATION_ID>174</APPLICATION_ID>
<APPLICATION_SHORT_NAME>ECX</APPLICATION_SHORT_NAME>
</G_FND_APP>
<G_FND_APP>
<APPLICATION_ID>175</APPLICATION_ID>
<APPLICATION_SHORT_NAME>EC</APPLICATION_SHORT_NAME>
</G_FND_APP>
<G_FND_APP>
<APPLICATION_ID>177</APPLICATION_ID>
<APPLICATION_SHORT_NAME>POS</APPLICATION_SHORT_NAME>
</G_FND_APP>
<G_FND_APP>
<APPLICATION_ID>178</APPLICATION_ID>
<APPLICATION_SHORT_NAME>ICX</APPLICATION_SHORT_NAME>
</G_FND_APP>
<G_FND_APP>
<APPLICATION_ID>185</APPLICATION_ID>
<APPLICATION_SHORT_NAME>XTR</APPLICATION_SHORT_NAME>
</G_FND_APP>
<G_FND_APP>
<APPLICATION_ID>186</APPLICATION_ID>
<APPLICATION_SHORT_NAME>QRM</APPLICATION_SHORT_NAME>
</G_FND_APP>
<G_FND_APP>
<APPLICATION_ID>190</APPLICATION_ID>
<APPLICATION_SHORT_NAME>AZ</APPLICATION_SHORT_NAME>
</G_FND_APP>
<G_FND_APP>
<APPLICATION_ID>191</APPLICATION_ID>
<APPLICATION_SHORT_NAME>BIS</APPLICATION_SHORT_NAME>
</G_FND_APP>
<G_FND_APP>
<APPLICATION_ID>200</APPLICATION_ID>
<APPLICATION_SHORT_NAME>SQLAP</APPLICATION_SHORT_NAME>
</G_FND_APP>
<G_FND_APP>
<APPLICATION_ID>201</APPLICATION_ID>
<APPLICATION_SHORT_NAME>PO</APPLICATION_SHORT_NAME>
</G_FND_APP>
<G_FND_APP>
<APPLICATION_ID>202</APPLICATION_ID>
<APPLICATION_SHORT_NAME>CHV</APPLICATION_SHORT_NAME>
</G_FND_APP>
<G_FND_APP>
<APPLICATION_ID>203</APPLICATION_ID>
<APPLICATION_SHORT_NAME>AME</APPLICATION_SHORT_NAME>
</G_FND_APP>
<G_FND_APP>
<APPLICATION_ID>204</APPLICATION_ID>
<APPLICATION_SHORT_NAME>XLE</APPLICATION_SHORT_NAME>
</G_FND_APP>
<G_FND_APP>
<APPLICATION_ID>205</APPLICATION_ID>
<APPLICATION_SHORT_NAME>IA</APPLICATION_SHORT_NAME>
</G_FND_APP>
<G_FND_APP>
<APPLICATION_ID>206</APPLICATION_ID>
<APPLICATION_SHORT_NAME>LNS</APPLICATION_SHORT_NAME>
</G_FND_APP>
<G_FND_APP>
<APPLICATION_ID>207</APPLICATION_ID>
<APPLICATION_SHORT_NAME>IPM</APPLICATION_SHORT_NAME>
</G_FND_APP>
<G_FND_APP>
<APPLICATION_ID>210</APPLICATION_ID>
<APPLICATION_SHORT_NAME>ZPB</APPLICATION_SHORT_NAME>
</G_FND_APP>
<G_FND_APP>
<APPLICATION_ID>222</APPLICATION_ID>
<APPLICATION_SHORT_NAME>AR</APPLICATION_SHORT_NAME>
</G_FND_APP>
<G_FND_APP>
<APPLICATION_ID>230</APPLICATION_ID>
<APPLICATION_SHORT_NAME>ITG</APPLICATION_SHORT_NAME>
</G_FND_APP>
<G_FND_APP>
<APPLICATION_ID>231</APPLICATION_ID>
<APPLICATION_SHORT_NAME>BNE</APPLICATION_SHORT_NAME>
</G_FND_APP>
<G_FND_APP>
<APPLICATION_ID>235</APPLICATION_ID>
<APPLICATION_SHORT_NAME>ZX</APPLICATION_SHORT_NAME>
</G_FND_APP>
<G_FND_APP>
<APPLICATION_ID>240</APPLICATION_ID>
<APPLICATION_SHORT_NAME>PN</APPLICATION_SHORT_NAME>
</G_FND_APP>
<G_FND_APP>
<APPLICATION_ID>242</APPLICATION_ID>
<APPLICATION_SHORT_NAME>AMW</APPLICATION_SHORT_NAME>
</G_FND_APP>
<G_FND_APP>
<APPLICATION_ID>250</APPLICATION_ID>
<APPLICATION_SHORT_NAME>QA</APPLICATION_SHORT_NAME>
</G_FND_APP>
<G_FND_APP>
<APPLICATION_ID>260</APPLICATION_ID>
<APPLICATION_SHORT_NAME>CE</APPLICATION_SHORT_NAME>
</G_FND_APP>
<G_FND_APP>
<APPLICATION_ID>265</APPLICATION_ID>
<APPLICATION_SHORT_NAME>FRM</APPLICATION_SHORT_NAME>
</G_FND_APP>
<G_FND_APP>
<APPLICATION_ID>266</APPLICATION_ID>
<APPLICATION_SHORT_NAME>GCS</APPLICATION_SHORT_NAME>
</G_FND_APP>
<G_FND_APP>
<APPLICATION_ID>270</APPLICATION_ID>
<APPLICATION_SHORT_NAME>EAA</APPLICATION_SHORT_NAME>
</G_FND_APP>
<G_FND_APP>
<APPLICATION_ID>271</APPLICATION_ID>
<APPLICATION_SHORT_NAME>BSC</APPLICATION_SHORT_NAME>
</G_FND_APP>
<G_FND_APP>
<APPLICATION_ID>272</APPLICATION_ID>
<APPLICATION_SHORT_NAME>ABM</APPLICATION_SHORT_NAME>
</G_FND_APP>
<G_FND_APP>
<APPLICATION_ID>273</APPLICATION_ID>
<APPLICATION_SHORT_NAME>EVM</APPLICATION_SHORT_NAME>
</G_FND_APP>
<G_FND_APP>
<APPLICATION_ID>274</APPLICATION_ID>
<APPLICATION_SHORT_NAME>FEM</APPLICATION_SHORT_NAME>
</G_FND_APP>
<G_FND_APP>
<APPLICATION_ID>275</APPLICATION_ID>
<APPLICATION_SHORT_NAME>PA</APPLICATION_SHORT_NAME>
</G_FND_APP>
<G_FND_APP>
<APPLICATION_ID>278</APPLICATION_ID>
<APPLICATION_SHORT_NAME>IZU</APPLICATION_SHORT_NAME>
</G_FND_APP>
<G_FND_APP>
<APPLICATION_ID>279</APPLICATION_ID>
<APPLICATION_SHORT_NAME>AS</APPLICATION_SHORT_NAME>
</G_FND_APP>
<G_FND_APP>
<APPLICATION_ID>280</APPLICATION_ID>
<APPLICATION_SHORT_NAME>ASN</APPLICATION_SHORT_NAME>
</G_FND_APP>
<G_FND_APP>
<APPLICATION_ID>283</APPLICATION_ID>
<APPLICATION_SHORT_NAME>CN</APPLICATION_SHORT_NAME>
</G_FND_APP>
<G_FND_APP>
<APPLICATION_ID>298</APPLICATION_ID>
<APPLICATION_SHORT_NAME>POM</APPLICATION_SHORT_NAME>
</G_FND_APP>
<G_FND_APP>
<APPLICATION_ID>300</APPLICATION_ID>
<APPLICATION_SHORT_NAME>OE</APPLICATION_SHORT_NAME>
</G_FND_APP>
<G_FND_APP>
<APPLICATION_ID>385</APPLICATION_ID>
<APPLICATION_SHORT_NAME>WMS</APPLICATION_SHORT_NAME>
</G_FND_APP>
<G_FND_APP>
<APPLICATION_ID>388</APPLICATION_ID>
<APPLICATION_SHORT_NAME>WPS</APPLICATION_SHORT_NAME>
</G_FND_APP>
<G_FND_APP>
<APPLICATION_ID>390</APPLICATION_ID>
<APPLICATION_SHORT_NAME>MST</APPLICATION_SHORT_NAME>
</G_FND_APP>
<G_FND_APP>
<APPLICATION_ID>396</APPLICATION_ID>
<APPLICATION_SHORT_NAME>PON</APPLICATION_SHORT_NAME>
</G_FND_APP>
<G_FND_APP>
<APPLICATION_ID>401</APPLICATION_ID>
<APPLICATION_SHORT_NAME>INV</APPLICATION_SHORT_NAME>
</G_FND_APP>
<G_FND_APP>
<APPLICATION_ID>403</APPLICATION_ID>
<APPLICATION_SHORT_NAME>MIA</APPLICATION_SHORT_NAME>
</G_FND_APP>
<G_FND_APP>
<APPLICATION_ID>405</APPLICATION_ID>
<APPLICATION_SHORT_NAME>MWA</APPLICATION_SHORT_NAME>
</G_FND_APP>
<G_FND_APP>
<APPLICATION_ID>407</APPLICATION_ID>
<APPLICATION_SHORT_NAME>WMA</APPLICATION_SHORT_NAME>
</G_FND_APP>
<G_FND_APP>
<APPLICATION_ID>410</APPLICATION_ID>
<APPLICATION_SHORT_NAME>WSM</APPLICATION_SHORT_NAME>
</G_FND_APP>
<G_FND_APP>
<APPLICATION_ID>415</APPLICATION_ID>
<APPLICATION_SHORT_NAME>ISX</APPLICATION_SHORT_NAME>
</G_FND_APP>
<G_FND_APP>
<APPLICATION_ID>420</APPLICATION_ID>
<APPLICATION_SHORT_NAME>IPD</APPLICATION_SHORT_NAME>
</G_FND_APP>
<G_FND_APP>
<APPLICATION_ID>425</APPLICATION_ID>
<APPLICATION_SHORT_NAME>MQA</APPLICATION_SHORT_NAME>
</G_FND_APP>
<G_FND_APP>
<APPLICATION_ID>426</APPLICATION_ID>
<APPLICATION_SHORT_NAME>EAM</APPLICATION_SHORT_NAME>
</G_FND_APP>
<G_FND_APP>
<APPLICATION_ID>429</APPLICATION_ID>
<APPLICATION_SHORT_NAME>DNA</APPLICATION_SHORT_NAME>
</G_FND_APP>
<G_FND_APP>
<APPLICATION_ID>430</APPLICATION_ID>
<APPLICATION_SHORT_NAME>DDD</APPLICATION_SHORT_NAME>
</G_FND_APP>
<G_FND_APP>
<APPLICATION_ID>431</APPLICATION_ID>
<APPLICATION_SHORT_NAME>EGO</APPLICATION_SHORT_NAME>
</G_FND_APP>
<G_FND_APP>
<APPLICATION_ID>432</APPLICATION_ID>
<APPLICATION_SHORT_NAME>DOM</APPLICATION_SHORT_NAME>
</G_FND_APP>
<G_FND_APP>
<APPLICATION_ID>435</APPLICATION_ID>
<APPLICATION_SHORT_NAME>FUN</APPLICATION_SHORT_NAME>
</G_FND_APP>
<G_FND_APP>
<APPLICATION_ID>436</APPLICATION_ID>
<APPLICATION_SHORT_NAME>BLC</APPLICATION_SHORT_NAME>
</G_FND_APP>
<G_FND_APP>
<APPLICATION_ID>437</APPLICATION_ID>
<APPLICATION_SHORT_NAME>RCM</APPLICATION_SHORT_NAME>
</G_FND_APP>
<G_FND_APP>
<APPLICATION_ID>438</APPLICATION_ID>
<APPLICATION_SHORT_NAME>ITA</APPLICATION_SHORT_NAME>
</G_FND_APP>
<G_FND_APP>
<APPLICATION_ID>440</APPLICATION_ID>
<APPLICATION_SHORT_NAME>FPA</APPLICATION_SHORT_NAME>
</G_FND_APP>
<G_FND_APP>
<APPLICATION_ID>450</APPLICATION_ID>
<APPLICATION_SHORT_NAME>FII</APPLICATION_SHORT_NAME>
</G_FND_APP>
<G_FND_APP>
<APPLICATION_ID>451</APPLICATION_ID>
<APPLICATION_SHORT_NAME>OPI</APPLICATION_SHORT_NAME>
</G_FND_APP>
<G_FND_APP>
<APPLICATION_ID>452</APPLICATION_ID>
<APPLICATION_SHORT_NAME>POA</APPLICATION_SHORT_NAME>
</G_FND_APP>
<G_FND_APP>
<APPLICATION_ID>453</APPLICATION_ID>
<APPLICATION_SHORT_NAME>HRI</APPLICATION_SHORT_NAME>
</G_FND_APP>
<G_FND_APP>
<APPLICATION_ID>454</APPLICATION_ID>
<APPLICATION_SHORT_NAME>ISC</APPLICATION_SHORT_NAME>
</G_FND_APP>
<G_FND_APP>
<APPLICATION_ID>455</APPLICATION_ID>
<APPLICATION_SHORT_NAME>ENI</APPLICATION_SHORT_NAME>
</G_FND_APP>
<G_FND_APP>
<APPLICATION_ID>501</APPLICATION_ID>
<APPLICATION_SHORT_NAME>AN</APPLICATION_SHORT_NAME>
</G_FND_APP>
<G_FND_APP>
<APPLICATION_ID>502</APPLICATION_ID>
<APPLICATION_SHORT_NAME>PBR</APPLICATION_SHORT_NAME>
</G_FND_APP>
<G_FND_APP>
<APPLICATION_ID>505</APPLICATION_ID>
<APPLICATION_SHORT_NAME>ZFA</APPLICATION_SHORT_NAME>
</G_FND_APP>
<G_FND_APP>
<APPLICATION_ID>506</APPLICATION_ID>
<APPLICATION_SHORT_NAME>ZSA</APPLICATION_SHORT_NAME>
</G_FND_APP>
<G_FND_APP>
<APPLICATION_ID>507</APPLICATION_ID>
<APPLICATION_SHORT_NAME>PFT</APPLICATION_SHORT_NAME>
</G_FND_APP>
<G_FND_APP>
<APPLICATION_ID>508</APPLICATION_ID>
<APPLICATION_SHORT_NAME>FTP</APPLICATION_SHORT_NAME>
</G_FND_APP>
<G_FND_APP>
<APPLICATION_ID>509</APPLICATION_ID>
<APPLICATION_SHORT_NAME>RMG</APPLICATION_SHORT_NAME>
</G_FND_APP>
<G_FND_APP>
<APPLICATION_ID>510</APPLICATION_ID>
<APPLICATION_SHORT_NAME>OKC</APPLICATION_SHORT_NAME>
</G_FND_APP>
<G_FND_APP>
<APPLICATION_ID>511</APPLICATION_ID>
<APPLICATION_SHORT_NAME>CSC</APPLICATION_SHORT_NAME>
</G_FND_APP>
<G_FND_APP>
<APPLICATION_ID>512</APPLICATION_ID>
<APPLICATION_SHORT_NAME>CSD</APPLICATION_SHORT_NAME>
</G_FND_APP>
<G_FND_APP>
<APPLICATION_ID>513</APPLICATION_ID>
<APPLICATION_SHORT_NAME>CSF</APPLICATION_SHORT_NAME>
</G_FND_APP>
<G_FND_APP>
<APPLICATION_ID>514</APPLICATION_ID>
<APPLICATION_SHORT_NAME>CSS</APPLICATION_SHORT_NAME>
</G_FND_APP>
<G_FND_APP>
<APPLICATION_ID>515</APPLICATION_ID>
<APPLICATION_SHORT_NAME>OKS</APPLICATION_SHORT_NAME>
</G_FND_APP>
<G_FND_APP>
<APPLICATION_ID>516</APPLICATION_ID>
<APPLICATION_SHORT_NAME>ME</APPLICATION_SHORT_NAME>
</G_FND_APP>
<G_FND_APP>
<APPLICATION_ID>517</APPLICATION_ID>
<APPLICATION_SHORT_NAME>BIM</APPLICATION_SHORT_NAME>
</G_FND_APP>
<G_FND_APP>
<APPLICATION_ID>518</APPLICATION_ID>
<APPLICATION_SHORT_NAME>BIC</APPLICATION_SHORT_NAME>
</G_FND_APP>
<G_FND_APP>
<APPLICATION_ID>519</APPLICATION_ID>
<APPLICATION_SHORT_NAME>IES</APPLICATION_SHORT_NAME>
</G_FND_APP>
<G_FND_APP>
<APPLICATION_ID>520</APPLICATION_ID>
<APPLICATION_SHORT_NAME>AMV</APPLICATION_SHORT_NAME>
</G_FND_APP>
<G_FND_APP>
<APPLICATION_ID>521</APPLICATION_ID>
<APPLICATION_SHORT_NAME>AST</APPLICATION_SHORT_NAME>
</G_FND_APP>
<G_FND_APP>
<APPLICATION_ID>522</APPLICATION_ID>
<APPLICATION_SHORT_NAME>ASF</APPLICATION_SHORT_NAME>
</G_FND_APP>
<G_FND_APP>
<APPLICATION_ID>523</APPLICATION_ID>
<APPLICATION_SHORT_NAME>CSP</APPLICATION_SHORT_NAME>
</G_FND_APP>
<G_FND_APP>
<APPLICATION_ID>524</APPLICATION_ID>
<APPLICATION_SHORT_NAME>OKX</APPLICATION_SHORT_NAME>
</G_FND_APP>
<G_FND_APP>
<APPLICATION_ID>525</APPLICATION_ID>
<APPLICATION_SHORT_NAME>ODQ</APPLICATION_SHORT_NAME>
</G_FND_APP>
<G_FND_APP>
<APPLICATION_ID>530</APPLICATION_ID>
<APPLICATION_SHORT_NAME>AMS</APPLICATION_SHORT_NAME>
</G_FND_APP>
<G_FND_APP>
<APPLICATION_ID>531</APPLICATION_ID>
<APPLICATION_SHORT_NAME>XNM</APPLICATION_SHORT_NAME>
</G_FND_APP>
<G_FND_APP>
<APPLICATION_ID>532</APPLICATION_ID>
<APPLICATION_SHORT_NAME>XNC</APPLICATION_SHORT_NAME>
</G_FND_APP>
<G_FND_APP>
<APPLICATION_ID>533</APPLICATION_ID>
<APPLICATION_SHORT_NAME>XNS</APPLICATION_SHORT_NAME>
</G_FND_APP>
<G_FND_APP>
<APPLICATION_ID>534</APPLICATION_ID>
<APPLICATION_SHORT_NAME>XNP</APPLICATION_SHORT_NAME>
</G_FND_APP>
<G_FND_APP>
<APPLICATION_ID>535</APPLICATION_ID>
<APPLICATION_SHORT_NAME>XDP</APPLICATION_SHORT_NAME>
</G_FND_APP>
<G_FND_APP>
<APPLICATION_ID>536</APPLICATION_ID>
<APPLICATION_SHORT_NAME>XNA</APPLICATION_SHORT_NAME>
</G_FND_APP>
<G_FND_APP>
<APPLICATION_ID>537</APPLICATION_ID>
<APPLICATION_SHORT_NAME>XNT</APPLICATION_SHORT_NAME>
</G_FND_APP>
<G_FND_APP>
<APPLICATION_ID>538</APPLICATION_ID>
<APPLICATION_SHORT_NAME>FPT</APPLICATION_SHORT_NAME>
</G_FND_APP>
<G_FND_APP>
<APPLICATION_ID>539</APPLICATION_ID>
<APPLICATION_SHORT_NAME>IEO</APPLICATION_SHORT_NAME>
</G_FND_APP>
<G_FND_APP>
<APPLICATION_ID>540</APPLICATION_ID>
<APPLICATION_SHORT_NAME>OKL</APPLICATION_SHORT_NAME>
</G_FND_APP>
<G_FND_APP>
<APPLICATION_ID>541</APPLICATION_ID>
<APPLICATION_SHORT_NAME>OKR</APPLICATION_SHORT_NAME>
</G_FND_APP>
<G_FND_APP>
<APPLICATION_ID>542</APPLICATION_ID>
<APPLICATION_SHORT_NAME>CSI</APPLICATION_SHORT_NAME>
</G_FND_APP>
<G_FND_APP>
<APPLICATION_ID>543</APPLICATION_ID>
<APPLICATION_SHORT_NAME>CUE</APPLICATION_SHORT_NAME>
</G_FND_APP>
<G_FND_APP>
<APPLICATION_ID>544</APPLICATION_ID>
<APPLICATION_SHORT_NAME>ASL</APPLICATION_SHORT_NAME>
</G_FND_APP>
<G_FND_APP>
<APPLICATION_ID>545</APPLICATION_ID>
<APPLICATION_SHORT_NAME>IEC</APPLICATION_SHORT_NAME>
</G_FND_APP>
<G_FND_APP>
<APPLICATION_ID>546</APPLICATION_ID>
<APPLICATION_SHORT_NAME>IEV</APPLICATION_SHORT_NAME>
</G_FND_APP>
<G_FND_APP>
<APPLICATION_ID>547</APPLICATION_ID>
<APPLICATION_SHORT_NAME>IET</APPLICATION_SHORT_NAME>
</G_FND_APP>
<G_FND_APP>
<APPLICATION_ID>548</APPLICATION_ID>
<APPLICATION_SHORT_NAME>IEP</APPLICATION_SHORT_NAME>
</G_FND_APP>
<G_FND_APP>
<APPLICATION_ID>549</APPLICATION_ID>
<APPLICATION_SHORT_NAME>IBC</APPLICATION_SHORT_NAME>
</G_FND_APP>
<G_FND_APP>
<APPLICATION_ID>550</APPLICATION_ID>
<APPLICATION_SHORT_NAME>GMA</APPLICATION_SHORT_NAME>
</G_FND_APP>
<G_FND_APP>
<APPLICATION_ID>551</APPLICATION_ID>
<APPLICATION_SHORT_NAME>GMI</APPLICATION_SHORT_NAME>
</G_FND_APP>
<G_FND_APP>
<APPLICATION_ID>552</APPLICATION_ID>
<APPLICATION_SHORT_NAME>GMD</APPLICATION_SHORT_NAME>
</G_FND_APP>
<G_FND_APP>
<APPLICATION_ID>553</APPLICATION_ID>
<APPLICATION_SHORT_NAME>GME</APPLICATION_SHORT_NAME>
</G_FND_APP>
<G_FND_APP>
<APPLICATION_ID>554</APPLICATION_ID>
<APPLICATION_SHORT_NAME>GMP</APPLICATION_SHORT_NAME>
</G_FND_APP>
<G_FND_APP>
<APPLICATION_ID>555</APPLICATION_ID>
<APPLICATION_SHORT_NAME>GMF</APPLICATION_SHORT_NAME>
</G_FND_APP>
<G_FND_APP>
<APPLICATION_ID>556</APPLICATION_ID>
<APPLICATION_SHORT_NAME>GML</APPLICATION_SHORT_NAME>
</G_FND_APP>
<G_FND_APP>
<APPLICATION_ID>557</APPLICATION_ID>
<APPLICATION_SHORT_NAME>GR</APPLICATION_SHORT_NAME>
</G_FND_APP>
<G_FND_APP>
<APPLICATION_ID>558</APPLICATION_ID>
<APPLICATION_SHORT_NAME>PMI</APPLICATION_SHORT_NAME>
</G_FND_APP>
<G_FND_APP>
<APPLICATION_ID>559</APPLICATION_ID>
<APPLICATION_SHORT_NAME>GMW</APPLICATION_SHORT_NAME>
</G_FND_APP>
<G_FND_APP>
<APPLICATION_ID>560</APPLICATION_ID>
<APPLICATION_SHORT_NAME>GMO</APPLICATION_SHORT_NAME>
</G_FND_APP>
<G_FND_APP>
<APPLICATION_ID>600</APPLICATION_ID>
<APPLICATION_SHORT_NAME>AX</APPLICATION_SHORT_NAME>
</G_FND_APP>
<G_FND_APP>
<APPLICATION_ID>601</APPLICATION_ID>
<APPLICATION_SHORT_NAME>AK</APPLICATION_SHORT_NAME>
</G_FND_APP>
<G_FND_APP>
<APPLICATION_ID>602</APPLICATION_ID>
<APPLICATION_SHORT_NAME>XLA</APPLICATION_SHORT_NAME>
</G_FND_APP>
<G_FND_APP>
<APPLICATION_ID>603</APPLICATION_ID>
<APPLICATION_SHORT_NAME>XDO</APPLICATION_SHORT_NAME>
</G_FND_APP>
<G_FND_APP>
<APPLICATION_ID>660</APPLICATION_ID>
<APPLICATION_SHORT_NAME>ONT</APPLICATION_SHORT_NAME>
</G_FND_APP>
<G_FND_APP>
<APPLICATION_ID>661</APPLICATION_ID>
<APPLICATION_SHORT_NAME>QP</APPLICATION_SHORT_NAME>
</G_FND_APP>
<G_FND_APP>
<APPLICATION_ID>662</APPLICATION_ID>
<APPLICATION_SHORT_NAME>RLM</APPLICATION_SHORT_NAME>
</G_FND_APP>
<G_FND_APP>
<APPLICATION_ID>663</APPLICATION_ID>
<APPLICATION_SHORT_NAME>VEA</APPLICATION_SHORT_NAME>
</G_FND_APP>
<G_FND_APP>
<APPLICATION_ID>665</APPLICATION_ID>
<APPLICATION_SHORT_NAME>WSH</APPLICATION_SHORT_NAME>
</G_FND_APP>
<G_FND_APP>
<APPLICATION_ID>666</APPLICATION_ID>
<APPLICATION_SHORT_NAME>IBW</APPLICATION_SHORT_NAME>
</G_FND_APP>
<G_FND_APP>
<APPLICATION_ID>667</APPLICATION_ID>
<APPLICATION_SHORT_NAME>QPR</APPLICATION_SHORT_NAME>
</G_FND_APP>
<G_FND_APP>
<APPLICATION_ID>670</APPLICATION_ID>
<APPLICATION_SHORT_NAME>IBA</APPLICATION_SHORT_NAME>
</G_FND_APP>
<G_FND_APP>
<APPLICATION_ID>671</APPLICATION_ID>
<APPLICATION_SHORT_NAME>IBE</APPLICATION_SHORT_NAME>
</G_FND_APP>
<G_FND_APP>
<APPLICATION_ID>672</APPLICATION_ID>
<APPLICATION_SHORT_NAME>IBU</APPLICATION_SHORT_NAME>
</G_FND_APP>
<G_FND_APP>
<APPLICATION_ID>673</APPLICATION_ID>
<APPLICATION_SHORT_NAME>IBY</APPLICATION_SHORT_NAME>
</G_FND_APP>
<G_FND_APP>
<APPLICATION_ID>674</APPLICATION_ID>
<APPLICATION_SHORT_NAME>IBP</APPLICATION_SHORT_NAME>
</G_FND_APP>
<G_FND_APP>
<APPLICATION_ID>675</APPLICATION_ID>
<APPLICATION_SHORT_NAME>IBT</APPLICATION_SHORT_NAME>
</G_FND_APP>
<G_FND_APP>
<APPLICATION_ID>676</APPLICATION_ID>
<APPLICATION_SHORT_NAME>BIL</APPLICATION_SHORT_NAME>
</G_FND_APP>
<G_FND_APP>
<APPLICATION_ID>677</APPLICATION_ID>
<APPLICATION_SHORT_NAME>BIX</APPLICATION_SHORT_NAME>
</G_FND_APP>
<G_FND_APP>
<APPLICATION_ID>678</APPLICATION_ID>
<APPLICATION_SHORT_NAME>BIE</APPLICATION_SHORT_NAME>
</G_FND_APP>
<G_FND_APP>
<APPLICATION_ID>679</APPLICATION_ID>
<APPLICATION_SHORT_NAME>BIN</APPLICATION_SHORT_NAME>
</G_FND_APP>
<G_FND_APP>
<APPLICATION_ID>680</APPLICATION_ID>
<APPLICATION_SHORT_NAME>IEM</APPLICATION_SHORT_NAME>
</G_FND_APP>
<G_FND_APP>
<APPLICATION_ID>681</APPLICATION_ID>
<APPLICATION_SHORT_NAME>OZP</APPLICATION_SHORT_NAME>
</G_FND_APP>
<G_FND_APP>
<APPLICATION_ID>682</APPLICATION_ID>
<APPLICATION_SHORT_NAME>OZF</APPLICATION_SHORT_NAME>
</G_FND_APP>
<G_FND_APP>
<APPLICATION_ID>683</APPLICATION_ID>
<APPLICATION_SHORT_NAME>OZS</APPLICATION_SHORT_NAME>
</G_FND_APP>
<G_FND_APP>
<APPLICATION_ID>689</APPLICATION_ID>
<APPLICATION_SHORT_NAME>ASG</APPLICATION_SHORT_NAME>
</G_FND_APP>
<G_FND_APP>
<APPLICATION_ID>690</APPLICATION_ID>
<APPLICATION_SHORT_NAME>JTF</APPLICATION_SHORT_NAME>
</G_FND_APP>
<G_FND_APP>
<APPLICATION_ID>691</APPLICATION_ID>
<APPLICATION_SHORT_NAME>PV</APPLICATION_SHORT_NAME>
</G_FND_APP>
<G_FND_APP>
<APPLICATION_ID>694</APPLICATION_ID>
<APPLICATION_SHORT_NAME>PRP</APPLICATION_SHORT_NAME>
</G_FND_APP>
<G_FND_APP>
<APPLICATION_ID>695</APPLICATION_ID>
<APPLICATION_SHORT_NAME>IEX</APPLICATION_SHORT_NAME>
</G_FND_APP>
<G_FND_APP>
<APPLICATION_ID>696</APPLICATION_ID>
<APPLICATION_SHORT_NAME>IEU</APPLICATION_SHORT_NAME>
</G_FND_APP>
<G_FND_APP>
<APPLICATION_ID>697</APPLICATION_ID>
<APPLICATION_SHORT_NAME>ASO</APPLICATION_SHORT_NAME>
</G_FND_APP>
<G_FND_APP>
<APPLICATION_ID>698</APPLICATION_ID>
<APPLICATION_SHORT_NAME>CSR</APPLICATION_SHORT_NAME>
</G_FND_APP>
<G_FND_APP>
<APPLICATION_ID>699</APPLICATION_ID>
<APPLICATION_SHORT_NAME>IEB</APPLICATION_SHORT_NAME>
</G_FND_APP>
<G_FND_APP>
<APPLICATION_ID>700</APPLICATION_ID>
<APPLICATION_SHORT_NAME>MFG</APPLICATION_SHORT_NAME>
</G_FND_APP>
<G_FND_APP>
<APPLICATION_ID>701</APPLICATION_ID>
<APPLICATION_SHORT_NAME>CLN</APPLICATION_SHORT_NAME>
</G_FND_APP>
<G_FND_APP>
<APPLICATION_ID>702</APPLICATION_ID>
<APPLICATION_SHORT_NAME>BOM</APPLICATION_SHORT_NAME>
</G_FND_APP>
<G_FND_APP>
<APPLICATION_ID>703</APPLICATION_ID>
<APPLICATION_SHORT_NAME>ENG</APPLICATION_SHORT_NAME>
</G_FND_APP>
<G_FND_APP>
<APPLICATION_ID>704</APPLICATION_ID>
<APPLICATION_SHORT_NAME>MRP</APPLICATION_SHORT_NAME>
</G_FND_APP>
<G_FND_APP>
<APPLICATION_ID>705</APPLICATION_ID>
<APPLICATION_SHORT_NAME>CRP</APPLICATION_SHORT_NAME>
</G_FND_APP>
<G_FND_APP>
<APPLICATION_ID>706</APPLICATION_ID>
<APPLICATION_SHORT_NAME>WIP</APPLICATION_SHORT_NAME>
</G_FND_APP>
<G_FND_APP>
<APPLICATION_ID>707</APPLICATION_ID>
<APPLICATION_SHORT_NAME>CST</APPLICATION_SHORT_NAME>
</G_FND_APP>
<G_FND_APP>
<APPLICATION_ID>708</APPLICATION_ID>
<APPLICATION_SHORT_NAME>CZ</APPLICATION_SHORT_NAME>
</G_FND_APP>
<G_FND_APP>
<APPLICATION_ID>709</APPLICATION_ID>
<APPLICATION_SHORT_NAME>EDR</APPLICATION_SHORT_NAME>
</G_FND_APP>
<G_FND_APP>
<APPLICATION_ID>710</APPLICATION_ID>
<APPLICATION_SHORT_NAME>RLA</APPLICATION_SHORT_NAME>
</G_FND_APP>
<G_FND_APP>
<APPLICATION_ID>711</APPLICATION_ID>
<APPLICATION_SHORT_NAME>VEH</APPLICATION_SHORT_NAME>
</G_FND_APP>
<G_FND_APP>
<APPLICATION_ID>712</APPLICATION_ID>
<APPLICATION_SHORT_NAME>PJM</APPLICATION_SHORT_NAME>
</G_FND_APP>
<G_FND_APP>
<APPLICATION_ID>714</APPLICATION_ID>
<APPLICATION_SHORT_NAME>FLM</APPLICATION_SHORT_NAME>
</G_FND_APP>
<G_FND_APP>
<APPLICATION_ID>716</APPLICATION_ID>
<APPLICATION_SHORT_NAME>FTE</APPLICATION_SHORT_NAME>
</G_FND_APP>
<G_FND_APP>
<APPLICATION_ID>718</APPLICATION_ID>
<APPLICATION_SHORT_NAME>RRS</APPLICATION_SHORT_NAME>
</G_FND_APP>
<G_FND_APP>
<APPLICATION_ID>719</APPLICATION_ID>
<APPLICATION_SHORT_NAME>RRC</APPLICATION_SHORT_NAME>
</G_FND_APP>
<G_FND_APP>
<APPLICATION_ID>722</APPLICATION_ID>
<APPLICATION_SHORT_NAME>MSD</APPLICATION_SHORT_NAME>
</G_FND_APP>
<G_FND_APP>
<APPLICATION_ID>723</APPLICATION_ID>
<APPLICATION_SHORT_NAME>MSO</APPLICATION_SHORT_NAME>
</G_FND_APP>
<G_FND_APP>
<APPLICATION_ID>724</APPLICATION_ID>
<APPLICATION_SHORT_NAME>MSC</APPLICATION_SHORT_NAME>
</G_FND_APP>
<G_FND_APP>
<APPLICATION_ID>725</APPLICATION_ID>
<APPLICATION_SHORT_NAME>RHX</APPLICATION_SHORT_NAME>
</G_FND_APP>
<G_FND_APP>
<APPLICATION_ID>726</APPLICATION_ID>
<APPLICATION_SHORT_NAME>MSR</APPLICATION_SHORT_NAME>
</G_FND_APP>
<G_FND_APP>
<APPLICATION_ID>747</APPLICATION_ID>
<APPLICATION_SHORT_NAME>GNI</APPLICATION_SHORT_NAME>
</G_FND_APP>
<G_FND_APP>
<APPLICATION_ID>777</APPLICATION_ID>
<APPLICATION_SHORT_NAME>OKE</APPLICATION_SHORT_NAME>
</G_FND_APP>
<G_FND_APP>
<APPLICATION_ID>778</APPLICATION_ID>
<APPLICATION_SHORT_NAME>JMF</APPLICATION_SHORT_NAME>
</G_FND_APP>
<G_FND_APP>
<APPLICATION_ID>800</APPLICATION_ID>
<APPLICATION_SHORT_NAME>PER</APPLICATION_SHORT_NAME>
</G_FND_APP>
<G_FND_APP>
<APPLICATION_ID>801</APPLICATION_ID>
<APPLICATION_SHORT_NAME>PAY</APPLICATION_SHORT_NAME>
</G_FND_APP>
<G_FND_APP>
<APPLICATION_ID>802</APPLICATION_ID>
<APPLICATION_SHORT_NAME>FF</APPLICATION_SHORT_NAME>
</G_FND_APP>
<G_FND_APP>
<APPLICATION_ID>803</APPLICATION_ID>
<APPLICATION_SHORT_NAME>DT</APPLICATION_SHORT_NAME>
</G_FND_APP>
<G_FND_APP>
<APPLICATION_ID>804</APPLICATION_ID>
<APPLICATION_SHORT_NAME>SSP</APPLICATION_SHORT_NAME>
</G_FND_APP>
<G_FND_APP>
<APPLICATION_ID>805</APPLICATION_ID>
<APPLICATION_SHORT_NAME>BEN</APPLICATION_SHORT_NAME>
</G_FND_APP>
<G_FND_APP>
<APPLICATION_ID>808</APPLICATION_ID>
<APPLICATION_SHORT_NAME>HXT</APPLICATION_SHORT_NAME>
</G_FND_APP>
<G_FND_APP>
<APPLICATION_ID>809</APPLICATION_ID>
<APPLICATION_SHORT_NAME>HXC</APPLICATION_SHORT_NAME>
</G_FND_APP>
<G_FND_APP>
<APPLICATION_ID>810</APPLICATION_ID>
<APPLICATION_SHORT_NAME>OTA</APPLICATION_SHORT_NAME>
</G_FND_APP>
<G_FND_APP>
<APPLICATION_ID>821</APPLICATION_ID>
<APPLICATION_SHORT_NAME>IRC</APPLICATION_SHORT_NAME>
</G_FND_APP>
<G_FND_APP>
<APPLICATION_ID>860</APPLICATION_ID>
<APPLICATION_SHORT_NAME>MIV</APPLICATION_SHORT_NAME>
</G_FND_APP>
<G_FND_APP>
<APPLICATION_ID>861</APPLICATION_ID>
<APPLICATION_SHORT_NAME>IMT</APPLICATION_SHORT_NAME>
</G_FND_APP>
<G_FND_APP>
<APPLICATION_ID>862</APPLICATION_ID>
<APPLICATION_SHORT_NAME>BIV</APPLICATION_SHORT_NAME>
</G_FND_APP>
<G_FND_APP>
<APPLICATION_ID>863</APPLICATION_ID>
<APPLICATION_SHORT_NAME>BIY</APPLICATION_SHORT_NAME>
</G_FND_APP>
<G_FND_APP>
<APPLICATION_ID>864</APPLICATION_ID>
<APPLICATION_SHORT_NAME>AHM</APPLICATION_SHORT_NAME>
</G_FND_APP>
<G_FND_APP>
<APPLICATION_ID>865</APPLICATION_ID>
<APPLICATION_SHORT_NAME>OKB</APPLICATION_SHORT_NAME>
</G_FND_APP>
<G_FND_APP>
<APPLICATION_ID>866</APPLICATION_ID>
<APPLICATION_SHORT_NAME>CUG</APPLICATION_SHORT_NAME>
</G_FND_APP>
<G_FND_APP>
<APPLICATION_ID>867</APPLICATION_ID>
<APPLICATION_SHORT_NAME>AHL</APPLICATION_SHORT_NAME>
</G_FND_APP>
<G_FND_APP>
<APPLICATION_ID>868</APPLICATION_ID>
<APPLICATION_SHORT_NAME>CSL</APPLICATION_SHORT_NAME>
</G_FND_APP>
<G_FND_APP>
<APPLICATION_ID>869</APPLICATION_ID>
<APPLICATION_SHORT_NAME>ASP</APPLICATION_SHORT_NAME>
</G_FND_APP>
<G_FND_APP>
<APPLICATION_ID>870</APPLICATION_ID>
<APPLICATION_SHORT_NAME>OKI</APPLICATION_SHORT_NAME>
</G_FND_APP>
<G_FND_APP>
<APPLICATION_ID>871</APPLICATION_ID>
<APPLICATION_SHORT_NAME>OKO</APPLICATION_SHORT_NAME>
</G_FND_APP>
<G_FND_APP>
<APPLICATION_ID>872</APPLICATION_ID>
<APPLICATION_SHORT_NAME>XNI</APPLICATION_SHORT_NAME>
</G_FND_APP>
<G_FND_APP>
<APPLICATION_ID>873</APPLICATION_ID>
<APPLICATION_SHORT_NAME>CSE</APPLICATION_SHORT_NAME>
</G_FND_APP>
<G_FND_APP>
<APPLICATION_ID>874</APPLICATION_ID>
<APPLICATION_SHORT_NAME>JTM</APPLICATION_SHORT_NAME>
</G_FND_APP>
<G_FND_APP>
<APPLICATION_ID>875</APPLICATION_ID>
<APPLICATION_SHORT_NAME>JTS</APPLICATION_SHORT_NAME>
</G_FND_APP>
<G_FND_APP>
<APPLICATION_ID>876</APPLICATION_ID>
<APPLICATION_SHORT_NAME>OKP</APPLICATION_SHORT_NAME>
</G_FND_APP>
<G_FND_APP>
<APPLICATION_ID>877</APPLICATION_ID>
<APPLICATION_SHORT_NAME>OKT</APPLICATION_SHORT_NAME>
</G_FND_APP>
<G_FND_APP>
<APPLICATION_ID>878</APPLICATION_ID>
<APPLICATION_SHORT_NAME>IAM</APPLICATION_SHORT_NAME>
</G_FND_APP>
<G_FND_APP>
<APPLICATION_ID>879</APPLICATION_ID>
<APPLICATION_SHORT_NAME>IMC</APPLICATION_SHORT_NAME>
</G_FND_APP>
<G_FND_APP>
<APPLICATION_ID>880</APPLICATION_ID>
<APPLICATION_SHORT_NAME>QOT</APPLICATION_SHORT_NAME>
</G_FND_APP>
<G_FND_APP>
<APPLICATION_ID>881</APPLICATION_ID>
<APPLICATION_SHORT_NAME>XNB</APPLICATION_SHORT_NAME>
</G_FND_APP>
<G_FND_APP>
<APPLICATION_ID>882</APPLICATION_ID>
<APPLICATION_SHORT_NAME>AMF</APPLICATION_SHORT_NAME>
</G_FND_APP>
<G_FND_APP>
<APPLICATION_ID>883</APPLICATION_ID>
<APPLICATION_SHORT_NAME>CSM</APPLICATION_SHORT_NAME>
</G_FND_APP>
<G_FND_APP>
<APPLICATION_ID>1292</APPLICATION_ID>
<APPLICATION_SHORT_NAME>PJI</APPLICATION_SHORT_NAME>
</G_FND_APP>
<G_FND_APP>
<APPLICATION_ID>1776</APPLICATION_ID>
<APPLICATION_SHORT_NAME>DUMMY_GMO</APPLICATION_SHORT_NAME>
</G_FND_APP>
<G_FND_APP>
<APPLICATION_ID>3000</APPLICATION_ID>
<APPLICATION_SHORT_NAME>HCC</APPLICATION_SHORT_NAME>
</G_FND_APP>
<G_FND_APP>
<APPLICATION_ID>3001</APPLICATION_ID>
<APPLICATION_SHORT_NAME>HCN</APPLICATION_SHORT_NAME>
</G_FND_APP>
<G_FND_APP>
<APPLICATION_ID>3002</APPLICATION_ID>
<APPLICATION_SHORT_NAME>CTB</APPLICATION_SHORT_NAME>
</G_FND_APP>
<G_FND_APP>
<APPLICATION_ID>3003</APPLICATION_ID>
<APPLICATION_SHORT_NAME>HCP</APPLICATION_SHORT_NAME>
</G_FND_APP>
<G_FND_APP>
<APPLICATION_ID>3004</APPLICATION_ID>
<APPLICATION_SHORT_NAME>HCA</APPLICATION_SHORT_NAME>
</G_FND_APP>
<G_FND_APP>
<APPLICATION_ID>3005</APPLICATION_ID>
<APPLICATION_SHORT_NAME>HCT</APPLICATION_SHORT_NAME>
</G_FND_APP>
<G_FND_APP>
<APPLICATION_ID>3006</APPLICATION_ID>
<APPLICATION_SHORT_NAME>CDR</APPLICATION_SHORT_NAME>
</G_FND_APP>
<G_FND_APP>
<APPLICATION_ID>7000</APPLICATION_ID>
<APPLICATION_SHORT_NAME>JA</APPLICATION_SHORT_NAME>
</G_FND_APP>
<G_FND_APP>
<APPLICATION_ID>7002</APPLICATION_ID>
<APPLICATION_SHORT_NAME>JE</APPLICATION_SHORT_NAME>
</G_FND_APP>
<G_FND_APP>
<APPLICATION_ID>7003</APPLICATION_ID>
<APPLICATION_SHORT_NAME>JG</APPLICATION_SHORT_NAME>
</G_FND_APP>
<G_FND_APP>
<APPLICATION_ID>7004</APPLICATION_ID>
<APPLICATION_SHORT_NAME>JL</APPLICATION_SHORT_NAME>
</G_FND_APP>
<G_FND_APP>
<APPLICATION_ID>8301</APPLICATION_ID>
<APPLICATION_SHORT_NAME>GHR</APPLICATION_SHORT_NAME>
</G_FND_APP>
<G_FND_APP>
<APPLICATION_ID>8302</APPLICATION_ID>
<APPLICATION_SHORT_NAME>PQH</APPLICATION_SHORT_NAME>
</G_FND_APP>
<G_FND_APP>
<APPLICATION_ID>8303</APPLICATION_ID>
<APPLICATION_SHORT_NAME>PQP</APPLICATION_SHORT_NAME>
</G_FND_APP>
<G_FND_APP>
<APPLICATION_ID>8400</APPLICATION_ID>
<APPLICATION_SHORT_NAME>IGI</APPLICATION_SHORT_NAME>
</G_FND_APP>
<G_FND_APP>
<APPLICATION_ID>8401</APPLICATION_ID>
<APPLICATION_SHORT_NAME>PSB</APPLICATION_SHORT_NAME>
</G_FND_APP>
<G_FND_APP>
<APPLICATION_ID>8402</APPLICATION_ID>
<APPLICATION_SHORT_NAME>GMS</APPLICATION_SHORT_NAME>
</G_FND_APP>
<G_FND_APP>
<APPLICATION_ID>8403</APPLICATION_ID>
<APPLICATION_SHORT_NAME>PSP</APPLICATION_SHORT_NAME>
</G_FND_APP>
<G_FND_APP>
<APPLICATION_ID>8404</APPLICATION_ID>
<APPLICATION_SHORT_NAME>IGW</APPLICATION_SHORT_NAME>
</G_FND_APP>
<G_FND_APP>
<APPLICATION_ID>8405</APPLICATION_ID>
<APPLICATION_SHORT_NAME>IGS</APPLICATION_SHORT_NAME>
</G_FND_APP>
<G_FND_APP>
<APPLICATION_ID>8406</APPLICATION_ID>
<APPLICATION_SHORT_NAME>IGF</APPLICATION_SHORT_NAME>
</G_FND_APP>
<G_FND_APP>
<APPLICATION_ID>8407</APPLICATION_ID>
<APPLICATION_SHORT_NAME>IGC</APPLICATION_SHORT_NAME>
</G_FND_APP>
<G_FND_APP>
<APPLICATION_ID>8450</APPLICATION_ID>
<APPLICATION_SHORT_NAME>PSA</APPLICATION_SHORT_NAME>
</G_FND_APP>
<G_FND_APP>
<APPLICATION_ID>8721</APPLICATION_ID>
<APPLICATION_SHORT_NAME>IPA</APPLICATION_SHORT_NAME>
</G_FND_APP>
<G_FND_APP>
<APPLICATION_ID>8722</APPLICATION_ID>
<APPLICATION_SHORT_NAME>CUI</APPLICATION_SHORT_NAME>
</G_FND_APP>
<G_FND_APP>
<APPLICATION_ID>8723</APPLICATION_ID>
<APPLICATION_SHORT_NAME>CUP</APPLICATION_SHORT_NAME>
</G_FND_APP>
<G_FND_APP>
<APPLICATION_ID>8724</APPLICATION_ID>
<APPLICATION_SHORT_NAME>CUF</APPLICATION_SHORT_NAME>
</G_FND_APP>
<G_FND_APP>
<APPLICATION_ID>8725</APPLICATION_ID>
<APPLICATION_SHORT_NAME>CUR</APPLICATION_SHORT_NAME>
</G_FND_APP>
<G_FND_APP>
<APPLICATION_ID>8726</APPLICATION_ID>
<APPLICATION_SHORT_NAME>CUC</APPLICATION_SHORT_NAME>
</G_FND_APP>
<G_FND_APP>
<APPLICATION_ID>8727</APPLICATION_ID>
<APPLICATION_SHORT_NAME>CUS</APPLICATION_SHORT_NAME>
</G_FND_APP>
<G_FND_APP>
<APPLICATION_ID>8729</APPLICATION_ID>
<APPLICATION_SHORT_NAME>CUN</APPLICATION_SHORT_NAME>
</G_FND_APP>
<G_FND_APP>
<APPLICATION_ID>8731</APPLICATION_ID>
<APPLICATION_SHORT_NAME>CUA</APPLICATION_SHORT_NAME>
</G_FND_APP>
<G_FND_APP>
<APPLICATION_ID>8901</APPLICATION_ID>
<APPLICATION_SHORT_NAME>FV</APPLICATION_SHORT_NAME>
</G_FND_APP>
<G_FND_APP>
<APPLICATION_ID>9000</APPLICATION_ID>
<APPLICATION_SHORT_NAME>DPP</APPLICATION_SHORT_NAME>
</G_FND_APP>
<G_FND_APP>
<APPLICATION_ID>9001</APPLICATION_ID>
<APPLICATION_SHORT_NAME>MTH</APPLICATION_SHORT_NAME>
</G_FND_APP>
<G_FND_APP>
<APPLICATION_ID>9003</APPLICATION_ID>
<APPLICATION_SHORT_NAME>DDR</APPLICATION_SHORT_NAME>
</G_FND_APP>
<G_FND_APP>
<APPLICATION_ID>9004</APPLICATION_ID>
<APPLICATION_SHORT_NAME>INL</APPLICATION_SHORT_NAME>
</G_FND_APP>
<G_FND_APP>
<APPLICATION_ID>13014</APPLICATION_ID>
<APPLICATION_SHORT_NAME>CLE</APPLICATION_SHORT_NAME>
</G_FND_APP>
<G_FND_APP>
<APPLICATION_ID>13015</APPLICATION_ID>
<APPLICATION_SHORT_NAME>CLL</APPLICATION_SHORT_NAME>
</G_FND_APP>
<G_FND_APP>
<APPLICATION_ID>13016</APPLICATION_ID>
<APPLICATION_SHORT_NAME>CLJ</APPLICATION_SHORT_NAME>
</G_FND_APP>
<G_FND_APP>
<APPLICATION_ID>13017</APPLICATION_ID>
<APPLICATION_SHORT_NAME>CLA</APPLICATION_SHORT_NAME>
</G_FND_APP>
<G_FND_APP>
<APPLICATION_ID>20001</APPLICATION_ID>
<APPLICATION_SHORT_NAME>DEM</APPLICATION_SHORT_NAME>
</G_FND_APP>
<G_FND_APP>
<APPLICATION_ID>20021</APPLICATION_ID>
<APPLICATION_SHORT_NAME>CLR</APPLICATION_SHORT_NAME>
</G_FND_APP>
<G_FND_APP>
<APPLICATION_ID>20041</APPLICATION_ID>
<APPLICATION_SHORT_NAME>ADS</APPLICATION_SHORT_NAME>
</G_FND_APP>
<G_FND_APP>
<APPLICATION_ID>20061</APPLICATION_ID>
<APPLICATION_SHORT_NAME>CUSTOM</APPLICATION_SHORT_NAME>
</G_FND_APP>
<G_FND_APP>
<APPLICATION_ID>20062</APPLICATION_ID>
<APPLICATION_SHORT_NAME>ADS_DEV</APPLICATION_SHORT_NAME>
</G_FND_APP>
<G_FND_APP>
<APPLICATION_ID>20063</APPLICATION_ID>
<APPLICATION_SHORT_NAME>PRGC</APPLICATION_SHORT_NAME>
</G_FND_APP>
<G_FND_APP>
<APPLICATION_ID>20064</APPLICATION_ID>
<APPLICATION_SHORT_NAME>BANKING</APPLICATION_SHORT_NAME>
</G_FND_APP>
<G_FND_APP>
<APPLICATION_ID>20065</APPLICATION_ID>
<APPLICATION_SHORT_NAME>COREBANK</APPLICATION_SHORT_NAME>
</G_FND_APP>
<G_FND_APP>
<APPLICATION_ID>20066</APPLICATION_ID>
<APPLICATION_SHORT_NAME>INSTITBANK</APPLICATION_SHORT_NAME>
</G_FND_APP>
<G_FND_APP>
<APPLICATION_ID>20067</APPLICATION_ID>
<APPLICATION_SHORT_NAME>XXGLT</APPLICATION_SHORT_NAME>
</G_FND_APP>
<G_FND_APP>
<APPLICATION_ID>20087</APPLICATION_ID>
<APPLICATION_SHORT_NAME>XXCLF</APPLICATION_SHORT_NAME>
</G_FND_APP>
<G_FND_APP>
<APPLICATION_ID>20090</APPLICATION_ID>
<APPLICATION_SHORT_NAME>CPGC</APPLICATION_SHORT_NAME>
</G_FND_APP>
<G_FND_APP>
<APPLICATION_ID>20114</APPLICATION_ID>
<APPLICATION_SHORT_NAME>OUC</APPLICATION_SHORT_NAME>
</G_FND_APP>
<G_FND_APP>
<APPLICATION_ID>20139</APPLICATION_ID>
<APPLICATION_SHORT_NAME>PSR</APPLICATION_SHORT_NAME>
</G_FND_APP>
<G_FND_APP>
<APPLICATION_ID>20159</APPLICATION_ID>
<APPLICATION_SHORT_NAME>TEST</APPLICATION_SHORT_NAME>
</G_FND_APP>
<G_FND_APP>
<APPLICATION_ID>20160</APPLICATION_ID>
<APPLICATION_SHORT_NAME>OKC_REP_TXT_INDEX_SYNC</APPLICATION_SHORT_NAME>
</G_FND_APP>
<G_FND_APP>
<APPLICATION_ID>20161</APPLICATION_ID>
<APPLICATION_SHORT_NAME>OKC_REP_TXT_INDEX_OPTIMIZE</APPLICATION_SHORT_NAME>
</G_FND_APP>
<G_FND_APP>
<APPLICATION_ID>20180</APPLICATION_ID>
<APPLICATION_SHORT_NAME>CSN</APPLICATION_SHORT_NAME>
</G_FND_APP>
<G_FND_APP>
<APPLICATION_ID>20200</APPLICATION_ID>
<APPLICATION_SHORT_NAME>DEM01</APPLICATION_SHORT_NAME>
</G_FND_APP>
</LIST_G_FND_APP>
</XXABC_XML_REPO_DM>
