<?xml version="1.0" encoding="WINDOWS-1252" ?>
<dataTemplate name="XXABC_XML_REPO_DM" description="FND Application Details Report"  Version="1.0">
 <properties>
  <property name ="debug_mode" value="on"/>
 </properties>
 <!--
		<parameters>       
		    <parameter name="P_ORG_ID" dataType="number"/>		
		</parameters>
-->		
		<dataQuery>
		   <sqlStatement name="Q_FND_APP">
		   <![CDATA[ 
				select application_id, application_short_name
from fnd_application order by 1
					 ]]>
		    </sqlStatement>
		</dataQuery>
		
  <dataStructure>
		<group name="G_FND_APP" source="Q_FND_APP">
		    <element name="application_id" value="application_id" />
			<element name="application_short_name" value="application_short_name" />
		</group>
   </dataStructure>
</dataTemplate>
